{   
    "deciles": {
        "1":0.2197550519787074,
        "2":0.3073271315004903,
        "3":0.380894592583295,
        "4":0.452448591753785,
        "5":0.5199203860577154,
        "6":0.5610673789803645,
        "7":0.6028917246467301,
        "8":0.6483370062758973,
        "9":0.678595588420331,
        "10":0.6931471766074847
    },
    "quartiles": {
        "1":0.3443212858392093,
        "2":0.5199203860577154,
        "3":0.6272364669515783,
        "4":0.6931471766074847
    }
}